{
  "r_squared": 0.9416928391435248,
  "r_squared_adj": 0.9412129448154879,
  "aic": 5360.139779928415,
  "n_observations": 491,
  "target": "preco",
  "predictors": [
    "peso_mp",
    "peso_peca",
    "cavaco",
    "comprimento"
  ],
  "timestamp": "20251116_221400"
}